<ImportExportXml version="9.2.23083.184" SolutionPackageVersion="9.2" languagecode="1033" generatedBy="CrmLive" xmlns:xsi="http://www.w3.org/2001/XMLSchema-instance">
  <SolutionManifest>
    <UniqueName>Hackathon_SBI_Opex</UniqueName>
    <LocalizedNames>
      <LocalizedName description="Hackathon_SBI_Opex" languagecode="1033" />
    </LocalizedNames>
    <Descriptions />
    <Version>1.0.0.1</Version>
    <Managed>0</Managed>
    <Publisher>
      <UniqueName>peoplecert</UniqueName>
      <LocalizedNames>
        <LocalizedName description="Peoplecert" languagecode="1033" />
      </LocalizedNames>
      <Descriptions />
      <EMailAddress xsi:nil="true"></EMailAddress>
      <SupportingWebsiteUrl xsi:nil="true"></SupportingWebsiteUrl>
      <CustomizationPrefix>pc</CustomizationPrefix>
      <CustomizationOptionValuePrefix>94797</CustomizationOptionValuePrefix>
      <Addresses>
        <Address>
          <AddressNumber>1</AddressNumber>
          <AddressTypeCode>1</AddressTypeCode>
          <City xsi:nil="true"></City>
          <County xsi:nil="true"></County>
          <Country xsi:nil="true"></Country>
          <Fax xsi:nil="true"></Fax>
          <FreightTermsCode xsi:nil="true"></FreightTermsCode>
          <ImportSequenceNumber xsi:nil="true"></ImportSequenceNumber>
          <Latitude xsi:nil="true"></Latitude>
          <Line1 xsi:nil="true"></Line1>
          <Line2 xsi:nil="true"></Line2>
          <Line3 xsi:nil="true"></Line3>
          <Longitude xsi:nil="true"></Longitude>
          <Name xsi:nil="true"></Name>
          <PostalCode xsi:nil="true"></PostalCode>
          <PostOfficeBox xsi:nil="true"></PostOfficeBox>
          <PrimaryContactName xsi:nil="true"></PrimaryContactName>
          <ShippingMethodCode>1</ShippingMethodCode>
          <StateOrProvince xsi:nil="true"></StateOrProvince>
          <Telephone1 xsi:nil="true"></Telephone1>
          <Telephone2 xsi:nil="true"></Telephone2>
          <Telephone3 xsi:nil="true"></Telephone3>
          <TimeZoneRuleVersionNumber xsi:nil="true"></TimeZoneRuleVersionNumber>
          <UPSZone xsi:nil="true"></UPSZone>
          <UTCOffset xsi:nil="true"></UTCOffset>
          <UTCConversionTimeZoneCode xsi:nil="true"></UTCConversionTimeZoneCode>
        </Address>
        <Address>
          <AddressNumber>2</AddressNumber>
          <AddressTypeCode>1</AddressTypeCode>
          <City xsi:nil="true"></City>
          <County xsi:nil="true"></County>
          <Country xsi:nil="true"></Country>
          <Fax xsi:nil="true"></Fax>
          <FreightTermsCode xsi:nil="true"></FreightTermsCode>
          <ImportSequenceNumber xsi:nil="true"></ImportSequenceNumber>
          <Latitude xsi:nil="true"></Latitude>
          <Line1 xsi:nil="true"></Line1>
          <Line2 xsi:nil="true"></Line2>
          <Line3 xsi:nil="true"></Line3>
          <Longitude xsi:nil="true"></Longitude>
          <Name xsi:nil="true"></Name>
          <PostalCode xsi:nil="true"></PostalCode>
          <PostOfficeBox xsi:nil="true"></PostOfficeBox>
          <PrimaryContactName xsi:nil="true"></PrimaryContactName>
          <ShippingMethodCode>1</ShippingMethodCode>
          <StateOrProvince xsi:nil="true"></StateOrProvince>
          <Telephone1 xsi:nil="true"></Telephone1>
          <Telephone2 xsi:nil="true"></Telephone2>
          <Telephone3 xsi:nil="true"></Telephone3>
          <TimeZoneRuleVersionNumber xsi:nil="true"></TimeZoneRuleVersionNumber>
          <UPSZone xsi:nil="true"></UPSZone>
          <UTCOffset xsi:nil="true"></UTCOffset>
          <UTCConversionTimeZoneCode xsi:nil="true"></UTCConversionTimeZoneCode>
        </Address>
      </Addresses>
    </Publisher>
    <RootComponents>
      <RootComponent type="1" schemaName="pc_opexcomplaint" behavior="0" />
      <RootComponent type="1" schemaName="pc_opexevaluations" behavior="0" />
      <RootComponent type="1" schemaName="pc_soicomplaint" behavior="0" />
      <RootComponent type="29" id="{7f3fa2ff-3e5d-ee11-be6f-00224827b681}" behavior="0" />
      <RootComponent type="62" schemaName="pc_OperationalExcellenceUnifiedApp" behavior="0" />
      <RootComponent type="80" schemaName="pc_OperationalExcellenceUnifiedApp" behavior="0" />
    </RootComponents>
    <MissingDependencies>
      <MissingDependency>
        <Required type="1" schemaName="pc_country" displayName="Country" solution="Active" />
        <Dependent type="10" schemaName="pc_pc_soicomplaint_Country_pc_country" displayName="pc_pc_soicomplaint_Country_pc_country" parentSchemaName="pc_country" parentDisplayName="Country" />
      </MissingDependency>
      <MissingDependency>
        <Required type="2" schemaName="pc_countryid" displayName="Country" parentSchemaName="pc_country" parentDisplayName="Country" solution="Active" />
        <Dependent type="10" schemaName="pc_pc_soicomplaint_Country_pc_country" displayName="pc_pc_soicomplaint_Country_pc_country" parentSchemaName="pc_country" parentDisplayName="Country" />
      </MissingDependency>
      <MissingDependency>
        <Required type="2" schemaName="pc_name" displayName="Name" parentSchemaName="pc_country" parentDisplayName="Country" solution="Active" />
        <Dependent type="10" schemaName="pc_pc_soicomplaint_Country_pc_country" displayName="pc_pc_soicomplaint_Country_pc_country" parentSchemaName="pc_country" parentDisplayName="Country" />
      </MissingDependency>
      <MissingDependency>
        <Required type="61" schemaName="msdyn_/Images/AppModule_Default_Icon.png" displayName="msdyn_/Images/AppModule_Default_Icon.png" solution="AppModuleWebResources (2.5)" />
        <Dependent type="80" schemaName="pc_OperationalExcellenceUnifiedApp" displayName="Operational Excellence Unified App" />
      </MissingDependency>
      <MissingDependency>
        <Required type="66" schemaName="Microsoft.PowerApps.PowerAppsOneGrid" displayName="Microsoft.PowerApps.PowerAppsOneGrid" solution="BaseCustomControlsCore (9.0.2308.3014)" />
        <Dependent type="68" id="{80ec4970-fa72-4979-8387-62e441a41e4a}" />
      </MissingDependency>
      <MissingDependency>
        <Required type="9" schemaName="crc6f_evalautionelementoptionset" displayName="Evaluation Element Optionset" solution="Active" />
        <Dependent type="2" schemaName="crc6f_elementsofcommunication" displayName="Communication" parentSchemaName="pc_opexevaluations" parentDisplayName="Opex Evaluation" />
      </MissingDependency>
      <MissingDependency>
        <Required type="9" schemaName="crc6f_evalautionelementoptionset" displayName="Evaluation Element Optionset" solution="Active" />
        <Dependent type="2" schemaName="crc6f_elementsofownership" displayName="Ownership" parentSchemaName="pc_opexevaluations" parentDisplayName="Opex Evaluation" />
      </MissingDependency>
      <MissingDependency>
        <Required type="9" schemaName="crc6f_evalautionelementoptionset" displayName="Evaluation Element Optionset" solution="Active" />
        <Dependent type="2" schemaName="crc6f_elementsofproceduralintegrity" displayName="Procedural Integrity" parentSchemaName="pc_opexevaluations" parentDisplayName="Opex Evaluation" />
      </MissingDependency>
      <MissingDependency>
        <Required type="9" schemaName="crc6f_evalautionelementoptionset" displayName="Evaluation Element Optionset" solution="Active" />
        <Dependent type="2" schemaName="crc6f_elementsofproductserviceknowledge" displayName="Product &amp; Service Knowledge" parentSchemaName="pc_opexevaluations" parentDisplayName="Opex Evaluation" />
      </MissingDependency>
      <MissingDependency>
        <Required type="9" schemaName="crc6f_evalautionelementoptionset" displayName="Evaluation Element Optionset" solution="Active" />
        <Dependent type="2" schemaName="crc6f_elementsofquality" displayName="Quality" parentSchemaName="pc_opexevaluations" parentDisplayName="Opex Evaluation" />
      </MissingDependency>
      <MissingDependency>
        <Required type="9" schemaName="crc6f_evaluatedchannel" displayName="Evaluated Channel" solution="Active" />
        <Dependent type="2" schemaName="crc6f_channel" displayName="Channel" parentSchemaName="pc_opexevaluations" parentDisplayName="Opex Evaluation" />
      </MissingDependency>
      <MissingDependency>
        <Required type="9" schemaName="crc6f_evaluateddepartment" displayName="Evaluated Department" solution="Active" />
        <Dependent type="2" schemaName="crc6f_department" displayName="Department" parentSchemaName="pc_opexevaluations" parentDisplayName="Opex Evaluation" />
      </MissingDependency>
      <MissingDependency>
        <Required type="9" schemaName="crc6f_evaluatedproduct" displayName="Evaluated Product" solution="Active" />
        <Dependent type="2" schemaName="crc6f_product" displayName="Product" parentSchemaName="pc_opexevaluations" parentDisplayName="Opex Evaluation" />
      </MissingDependency>
      <MissingDependency>
        <Required type="9" schemaName="crc6f_examidentifier" displayName="Exam Identifier" solution="Active" />
        <Dependent type="2" schemaName="crc6f_identifier" displayName="Identifier:" parentSchemaName="pc_opexevaluations" parentDisplayName="Opex Evaluation" />
      </MissingDependency>
      <MissingDependency>
        <Required type="9" schemaName="crc6f_passportlogs" displayName="Generic Values (3)" solution="Active" />
        <Dependent type="2" schemaName="crc6f_passportlogs" displayName="Passport Log(s)" parentSchemaName="pc_soicomplaint" parentDisplayName="OTC Complaint" />
      </MissingDependency>
      <MissingDependency>
        <Required type="9" schemaName="crc6f_passportlogs" displayName="Generic Values (3)" solution="Active" />
        <Dependent type="2" schemaName="pc_agentssoftskillsempathydemonstration" displayName="Agent(s) Soft Skills &amp; Empathy Demonstration" parentSchemaName="pc_soicomplaint" parentDisplayName="OTC Complaint" />
      </MissingDependency>
      <MissingDependency>
        <Required type="9" schemaName="crc6f_passportlogs" displayName="Generic Values (3)" solution="Active" />
        <Dependent type="2" schemaName="pc_breakoffered" displayName="Break Offered" parentSchemaName="pc_soicomplaint" parentDisplayName="OTC Complaint" />
      </MissingDependency>
      <MissingDependency>
        <Required type="9" schemaName="crc6f_passportlogs" displayName="Generic Values (3)" solution="Active" />
        <Dependent type="2" schemaName="pc_callrecordings" displayName="Call Recording(s)" parentSchemaName="pc_soicomplaint" parentDisplayName="OTC Complaint" />
      </MissingDependency>
      <MissingDependency>
        <Required type="9" schemaName="crc6f_passportlogs" displayName="Generic Values (3)" solution="Active" />
        <Dependent type="2" schemaName="pc_examendedbyuserrequest" displayName="Exam Ended by User Request" parentSchemaName="pc_soicomplaint" parentDisplayName="OTC Complaint" />
      </MissingDependency>
      <MissingDependency>
        <Required type="9" schemaName="crc6f_passportlogs" displayName="Generic Values (3)" solution="Active" />
        <Dependent type="2" schemaName="pc_interactionsincrmzendeskwiththecustomer" displayName="Interactions in CRM/Zendesk with the Customer" parentSchemaName="pc_soicomplaint" parentDisplayName="OTC Complaint" />
      </MissingDependency>
      <MissingDependency>
        <Required type="9" schemaName="crc6f_passportlogs" displayName="Generic Values (3)" solution="Active" />
        <Dependent type="2" schemaName="pc_interactionsincrmzendeskwiththepartner" displayName="Interactions in CRM/Zendesk with the Partner" parentSchemaName="pc_soicomplaint" parentDisplayName="OTC Complaint" />
      </MissingDependency>
      <MissingDependency>
        <Required type="9" schemaName="crc6f_passportlogs" displayName="Generic Values (3)" solution="Active" />
        <Dependent type="2" schemaName="pc_technicalissuessameaspreviousexam" displayName="Technical Issue(s) same as previous Exam" parentSchemaName="pc_soicomplaint" parentDisplayName="OTC Complaint" />
      </MissingDependency>
      <MissingDependency>
        <Required type="9" schemaName="crc6f_passportlogs" displayName="Generic Values (3)" solution="Active" />
        <Dependent type="2" schemaName="pc_wrike" displayName="Wrike" parentSchemaName="pc_soicomplaint" parentDisplayName="OTC Complaint" />
      </MissingDependency>
      <MissingDependency>
        <Required type="9" schemaName="crc6f_qcevaluator" displayName="QC Evaluator" solution="Active" />
        <Dependent type="2" schemaName="crc6f_evaluator" displayName="Evaluator" parentSchemaName="pc_opexevaluations" parentDisplayName="Opex Evaluation" />
      </MissingDependency>
      <MissingDependency>
        <Required type="9" schemaName="pc_candidateecommerce" displayName="Candidate Ecommerce" solution="Active" />
        <Dependent type="2" schemaName="pc_candidateecommerce" displayName="Candidate Ecommerce" parentSchemaName="pc_soicomplaint" parentDisplayName="OTC Complaint" />
      </MissingDependency>
      <MissingDependency>
        <Required type="9" schemaName="pc_complaintapprovalstatus" displayName="Complaint Approval Status" solution="Active" />
        <Dependent type="2" schemaName="pc_tlapprovalstatus" displayName="TL Approval Status" parentSchemaName="pc_opexcomplaint" parentDisplayName="OpEx Complaint" />
      </MissingDependency>
      <MissingDependency>
        <Required type="9" schemaName="pc_complaintapprovalstatus" displayName="Complaint Approval Status" solution="Active" />
        <Dependent type="2" schemaName="pc_approvalstatus" displayName="Approval Status" parentSchemaName="pc_soicomplaint" parentDisplayName="OTC Complaint" />
      </MissingDependency>
      <MissingDependency>
        <Required type="9" schemaName="pc_complaintapprovalstatus" displayName="Complaint Approval Status" solution="Active" />
        <Dependent type="2" schemaName="pc_opexendorsementstatus" displayName="OpEx Endorsement Status" parentSchemaName="pc_soicomplaint" parentDisplayName="OTC Complaint" />
      </MissingDependency>
      <MissingDependency>
        <Required type="9" schemaName="pc_disconnectioncauses" displayName="DisconnectionCauses" solution="Active" />
        <Dependent type="2" schemaName="pc_causeofdisconnections" displayName="Cause of Disconnection(s)" parentSchemaName="pc_soicomplaint" parentDisplayName="OTC Complaint" />
      </MissingDependency>
      <MissingDependency>
        <Required type="9" schemaName="pc_examrecordings" displayName="ExamRecordings" solution="Active" />
        <Dependent type="2" schemaName="pc_examrecordings" displayName="Exam Recordings" parentSchemaName="pc_soicomplaint" parentDisplayName="OTC Complaint" />
      </MissingDependency>
      <MissingDependency>
        <Required type="9" schemaName="pc_examshieldos" displayName="ExamShield OS" solution="Active" />
        <Dependent type="2" schemaName="pc_setupversion" displayName="Setup Version" parentSchemaName="pc_soicomplaint" parentDisplayName="OTC Complaint" />
      </MissingDependency>
      <MissingDependency>
        <Required type="9" schemaName="pc_operatingsystem" displayName="Operating System" solution="Active" />
        <Dependent type="2" schemaName="pc_operatingsystems" displayName="Operating System(s)" parentSchemaName="pc_soicomplaint" parentDisplayName="OTC Complaint" />
      </MissingDependency>
      <MissingDependency>
        <Required type="9" schemaName="pc_oxdiscretionproposal" displayName="OxDiscretionProposal" solution="Active" />
        <Dependent type="2" schemaName="pc_discretionproposal" displayName="Discretion Proposal" parentSchemaName="pc_opexcomplaint" parentDisplayName="OpEx Complaint" />
      </MissingDependency>
      <MissingDependency>
        <Required type="9" schemaName="pc_oxenduser" displayName="OxEndUser" solution="Active" />
        <Dependent type="2" schemaName="pc_primarycomplaintenduser" displayName="Primary Complaint - End User" parentSchemaName="pc_opexcomplaint" parentDisplayName="OpEx Complaint" />
      </MissingDependency>
      <MissingDependency>
        <Required type="9" schemaName="pc_oxfeedback" displayName="OxFeedback" solution="Active" />
        <Dependent type="2" schemaName="pc_investigationfeedback" displayName="Investigation Feedback" parentSchemaName="pc_opexcomplaint" parentDisplayName="OpEx Complaint" />
      </MissingDependency>
      <MissingDependency>
        <Required type="9" schemaName="pc_oxfinaldecision" displayName="OxFinalDecision" solution="Active" />
        <Dependent type="2" schemaName="pc_opexfinaldesicion" displayName="OpEx Final Desicion" parentSchemaName="pc_opexcomplaint" parentDisplayName="OpEx Complaint" />
      </MissingDependency>
      <MissingDependency>
        <Required type="9" schemaName="pc_oxfinalrationale" displayName="OxFinalRationale" solution="Active" />
        <Dependent type="2" schemaName="pc_finaldecisionrationale" displayName="Final Decision Rationale" parentSchemaName="pc_opexcomplaint" parentDisplayName="OpEx Complaint" />
      </MissingDependency>
      <MissingDependency>
        <Required type="9" schemaName="pc_oximprovementsuggestion" displayName="OxImprovementSuggestion" solution="Active" />
        <Dependent type="2" schemaName="pc_opeximprovementsuggestion" displayName="OpEx Improvement Suggestion" parentSchemaName="pc_opexcomplaint" parentDisplayName="OpEx Complaint" />
      </MissingDependency>
      <MissingDependency>
        <Required type="9" schemaName="pc_oxoecfeeback" displayName="OxOECFeeback" solution="Active" />
        <Dependent type="2" schemaName="pc_oecfeedback" displayName="OTC Feedback" parentSchemaName="pc_opexcomplaint" parentDisplayName="OpEx Complaint" />
      </MissingDependency>
      <MissingDependency>
        <Required type="9" schemaName="pc_oxos" displayName="OxOS" solution="Active" />
        <Dependent type="2" schemaName="pc_systemspecsoscompatibility" displayName="System Specs &amp; OS Compatibility" parentSchemaName="pc_opexcomplaint" parentDisplayName="OpEx Complaint" />
      </MissingDependency>
      <MissingDependency>
        <Required type="9" schemaName="pc_oxprimarycomplaintcategory" displayName="OxPrimaryComplaintCategory" solution="Active" />
        <Dependent type="2" schemaName="pc_primarycomplaintcategory" displayName="Primary Complaint Category" parentSchemaName="pc_opexcomplaint" parentDisplayName="OpEx Complaint" />
      </MissingDependency>
      <MissingDependency>
        <Required type="9" schemaName="pc_oxsecondaryissues" displayName="OxSecondaryIssues" solution="Active" />
        <Dependent type="2" schemaName="pc_secondarycomplaintsissues" displayName="Secondary Complaints/Issues" parentSchemaName="pc_opexcomplaint" parentDisplayName="OpEx Complaint" />
      </MissingDependency>
      <MissingDependency>
        <Required type="9" schemaName="pc_oxsecondaryissues" displayName="OxSecondaryIssues" solution="Active" />
        <Dependent type="2" schemaName="pc_complaintrca" displayName="Complaint RCA" parentSchemaName="pc_soicomplaint" parentDisplayName="OTC Complaint" />
      </MissingDependency>
      <MissingDependency>
        <Required type="9" schemaName="pc_oxsoftskills" displayName="OxSoftSkills" solution="Active" />
        <Dependent type="2" schemaName="pc_primarycomplaintsoftskills" displayName="Primary Complaint - Soft Skills" parentSchemaName="pc_opexcomplaint" parentDisplayName="OpEx Complaint" />
      </MissingDependency>
      <MissingDependency>
        <Required type="9" schemaName="pc_oxtechnical" displayName="OxTechnical" solution="Active" />
        <Dependent type="2" schemaName="pc_primarycomplainttechnical" displayName="Primary Complaint - Technical" parentSchemaName="pc_opexcomplaint" parentDisplayName="OpEx Complaint" />
      </MissingDependency>
      <MissingDependency>
        <Required type="9" schemaName="pc_oxtrendid" displayName="OxTrendID" solution="Active" />
        <Dependent type="2" schemaName="pc_trendindentifier" displayName="Trend Indentifier" parentSchemaName="pc_opexcomplaint" parentDisplayName="OpEx Complaint" />
      </MissingDependency>
      <MissingDependency>
        <Required type="9" schemaName="pc_possesiontype" displayName="Possesion Type" solution="Active" />
        <Dependent type="2" schemaName="pc_devicepossessions" displayName="Device Possession(s)" parentSchemaName="pc_soicomplaint" parentDisplayName="OTC Complaint" />
      </MissingDependency>
      <MissingDependency>
        <Required type="9" schemaName="pc_previousexamknownissue" displayName="Previous Exam Known Issue" solution="Active" />
        <Dependent type="2" schemaName="pc_previousexamissues" displayName="Previous Exam Issue(s)" parentSchemaName="pc_soicomplaint" parentDisplayName="OTC Complaint" />
      </MissingDependency>
      <MissingDependency>
        <Required type="9" schemaName="pc_servervalues" displayName="Server Values" solution="Active" />
        <Dependent type="2" schemaName="pc_serverresponserate" displayName="Server Response Rate" parentSchemaName="pc_soicomplaint" parentDisplayName="OTC Complaint" />
      </MissingDependency>
      <MissingDependency>
        <Required type="9" schemaName="pc_techissues" displayName="TechIssues" solution="Active" />
        <Dependent type="2" schemaName="pc_causeoftechnicalissues" displayName="Cause of Technical Issue(s)" parentSchemaName="pc_soicomplaint" parentDisplayName="OTC Complaint" />
      </MissingDependency>
      <MissingDependency>
        <Required type="9" schemaName="pc_unscheduledofferoptions" displayName="Unscheduled Offer Options" solution="Active" />
        <Dependent type="2" schemaName="pc_unrescheduleoffered" displayName="Un-/Re-schedule Offered" parentSchemaName="pc_soicomplaint" parentDisplayName="OTC Complaint" />
      </MissingDependency>
    </MissingDependencies>
  </SolutionManifest>
</ImportExportXml>