{
  "properties": {
    "connectionReferences": {
      "shared_commondataserviceforapps": {
        "impersonation": {},
        "runtimeSource": "embedded",
        "connection": {
          "connectionReferenceLogicalName": "pc_sharedcommondataserviceforapps_eb850"
        },
        "api": {
          "name": "shared_commondataserviceforapps"
        }
      }
    },
    "definition": {
      "$schema": "https://schema.management.azure.com/providers/Microsoft.Logic/schemas/2016-06-01/workflowdefinition.json#",
      "contentVersion": "1.0.0.0",
      "parameters": {
        "$connections": {
          "defaultValue": {},
          "type": "Object"
        },
        "$authentication": {
          "defaultValue": {},
          "type": "SecureObject"
        }
      },
      "triggers": {
        "When_a_row_is_added,_modified_or_deleted": {
          "metadata": {
            "operationMetadataId": "68996c3d-225a-4655-ba16-2fb6d6bb9334"
          },
          "type": "OpenApiConnectionWebhook",
          "inputs": {
            "host": {
              "apiId": "/providers/Microsoft.PowerApps/apis/shared_commondataserviceforapps",
              "connectionName": "shared_commondataserviceforapps",
              "operationId": "SubscribeWebhookTrigger"
            },
            "parameters": {
              "subscriptionRequest/message": 1,
              "subscriptionRequest/entityname": "pc_opexevaluations",
              "subscriptionRequest/scope": 4
            },
            "authentication": "@parameters('$authentication')"
          }
        }
      },
      "actions": {
        "Compose": {
          "runAfter": {},
          "metadata": {
            "operationMetadataId": "953f2918-97bc-473c-be47-685d41166bb9"
          },
          "type": "Compose",
          "inputs": "@triggerOutputs()?['body/pc_evaluatorcomments']"
        },
        "Create_text_with_GPT": {
          "runAfter": {
            "Compose": [
              "Succeeded"
            ]
          },
          "metadata": {
            "operationMetadataId": "7838ac33-1c5e-4e27-849a-28b4105bf175",
            "flowSystemMetadata": {
              "portalOperationId": "aibuilderpredict_gptpromptengineering",
              "portalOperationGroup": "aibuilder",
              "portalOperationApiDisplayNameOverride": "AI Builder",
              "portalOperationIconOverride": "https://content.powerapps.com/resource/makerx/static/pauto/images/designeroperations/aiBuilderNew.51dbdb6b.png",
              "portalOperationBrandColorOverride": "#0A76C4",
              "portalOperationApiTierOverride": "Standard"
            }
          },
          "type": "OpenApiConnection",
          "inputs": {
            "host": {
              "apiId": "/providers/Microsoft.PowerApps/apis/shared_commondataserviceforapps",
              "connectionName": "shared_commondataserviceforapps",
              "operationId": "aibuilderpredict_gptpromptengineering"
            },
            "parameters": {
              "item/requestv2/prompt": "Transform the following text according to the Situation Behavior Impact feedback model:\n@{outputs('Compose')}\n",
              "recordId": "a1afa5d4-7a44-4c31-9cd2-e852a78431fa",
              "item/requestv2/parameters": "{}"
            },
            "authentication": "@parameters('$authentication')"
          }
        },
        "Update_a_row": {
          "runAfter": {
            "Create_text_with_GPT": [
              "Succeeded"
            ]
          },
          "metadata": {
            "operationMetadataId": "aaddb6cd-35dc-4867-a8dc-2899e4e3682a"
          },
          "type": "OpenApiConnection",
          "inputs": {
            "host": {
              "apiId": "/providers/Microsoft.PowerApps/apis/shared_commondataserviceforapps",
              "connectionName": "shared_commondataserviceforapps",
              "operationId": "UpdateRecord"
            },
            "parameters": {
              "entityName": "pc_opexevaluationses",
              "recordId": "@triggerOutputs()?['body/pc_opexevaluationsid']",
              "item/crd69_sbifeedback": "@outputs('Create_text_with_GPT')?['body/responsev2/predictionOutput/text']"
            },
            "authentication": "@parameters('$authentication')"
          }
        }
      }
    },
    "templateName": null
  },
  "schemaVersion": "1.0.0.0"
}